[{"id":1,"bible_id":1269,"bible_code":"HMOWSV","book_id":14,"book_code":"2CH","name":"2CH.1","code":"2CH.1"},{"id":2,"bible_id":1269,"bible_code":"HMOWSV","book_id":14,"book_code":"2CH","name":"2CH.2","code":"2CH.2"},{"id":3,"bible_id":1269,"bible_code":"HMOWSV","book_id":14,"book_code":"2CH","name":"2CH.3","code":"2CH.3"},{"id":4,"bible_id":1269,"bible_code":"HMOWSV","book_id":14,"book_code":"2CH","name":"2CH.4","code":"2CH.4"},{"id":5,"bible_id":1269,"bible_code":"HMOWSV","book_id":14,"book_code":"2CH","name":"2CH.5","code":"2CH.5"},{"id":6,"bible_id":1269,"bible_code":"HMOWSV","book_id":14,"book_code":"2CH","name":"2CH.6","code":"2CH.6"},{"id":7,"bible_id":1269,"bible_code":"HMOWSV","book_id":14,"book_code":"2CH","name":"2CH.7","code":"2CH.7"},{"id":8,"bible_id":1269,"bible_code":"HMOWSV","book_id":14,"book_code":"2CH","name":"2CH.8","code":"2CH.8"},{"id":9,"bible_id":1269,"bible_code":"HMOWSV","book_id":14,"book_code":"2CH","name":"2CH.9","code":"2CH.9"},{"id":10,"bible_id":1269,"bible_code":"HMOWSV","book_id":14,"book_code":"2CH","name":"2CH.10","code":"2CH.10"},{"id":11,"bible_id":1269,"bible_code":"HMOWSV","book_id":14,"book_code":"2CH","name":"2CH.11","code":"2CH.11"},{"id":12,"bible_id":1269,"bible_code":"HMOWSV","book_id":14,"book_code":"2CH","name":"2CH.12","code":"2CH.12"},{"id":13,"bible_id":1269,"bible_code":"HMOWSV","book_id":14,"book_code":"2CH","name":"2CH.13","code":"2CH.13"},{"id":14,"bible_id":1269,"bible_code":"HMOWSV","book_id":14,"book_code":"2CH","name":"2CH.14","code":"2CH.14"},{"id":15,"bible_id":1269,"bible_code":"HMOWSV","book_id":14,"book_code":"2CH","name":"2CH.15","code":"2CH.15"},{"id":16,"bible_id":1269,"bible_code":"HMOWSV","book_id":14,"book_code":"2CH","name":"2CH.16","code":"2CH.16"},{"id":17,"bible_id":1269,"bible_code":"HMOWSV","book_id":14,"book_code":"2CH","name":"2CH.17","code":"2CH.17"},{"id":18,"bible_id":1269,"bible_code":"HMOWSV","book_id":14,"book_code":"2CH","name":"2CH.18","code":"2CH.18"},{"id":19,"bible_id":1269,"bible_code":"HMOWSV","book_id":14,"book_code":"2CH","name":"2CH.19","code":"2CH.19"},{"id":20,"bible_id":1269,"bible_code":"HMOWSV","book_id":14,"book_code":"2CH","name":"2CH.20","code":"2CH.20"},{"id":21,"bible_id":1269,"bible_code":"HMOWSV","book_id":14,"book_code":"2CH","name":"2CH.21","code":"2CH.21"},{"id":22,"bible_id":1269,"bible_code":"HMOWSV","book_id":14,"book_code":"2CH","name":"2CH.22","code":"2CH.22"},{"id":23,"bible_id":1269,"bible_code":"HMOWSV","book_id":14,"book_code":"2CH","name":"2CH.23","code":"2CH.23"},{"id":24,"bible_id":1269,"bible_code":"HMOWSV","book_id":14,"book_code":"2CH","name":"2CH.24","code":"2CH.24"},{"id":25,"bible_id":1269,"bible_code":"HMOWSV","book_id":14,"book_code":"2CH","name":"2CH.25","code":"2CH.25"},{"id":26,"bible_id":1269,"bible_code":"HMOWSV","book_id":14,"book_code":"2CH","name":"2CH.26","code":"2CH.26"},{"id":27,"bible_id":1269,"bible_code":"HMOWSV","book_id":14,"book_code":"2CH","name":"2CH.27","code":"2CH.27"},{"id":28,"bible_id":1269,"bible_code":"HMOWSV","book_id":14,"book_code":"2CH","name":"2CH.28","code":"2CH.28"},{"id":29,"bible_id":1269,"bible_code":"HMOWSV","book_id":14,"book_code":"2CH","name":"2CH.29","code":"2CH.29"},{"id":30,"bible_id":1269,"bible_code":"HMOWSV","book_id":14,"book_code":"2CH","name":"2CH.30","code":"2CH.30"},{"id":31,"bible_id":1269,"bible_code":"HMOWSV","book_id":14,"book_code":"2CH","name":"2CH.31","code":"2CH.31"},{"id":32,"bible_id":1269,"bible_code":"HMOWSV","book_id":14,"book_code":"2CH","name":"2CH.32","code":"2CH.32"},{"id":33,"bible_id":1269,"bible_code":"HMOWSV","book_id":14,"book_code":"2CH","name":"2CH.33","code":"2CH.33"},{"id":34,"bible_id":1269,"bible_code":"HMOWSV","book_id":14,"book_code":"2CH","name":"2CH.34","code":"2CH.34"},{"id":35,"bible_id":1269,"bible_code":"HMOWSV","book_id":14,"book_code":"2CH","name":"2CH.35","code":"2CH.35"},{"id":36,"bible_id":1269,"bible_code":"HMOWSV","book_id":14,"book_code":"2CH","name":"2CH.36","code":"2CH.36"}]