[{"id":1,"bible_id":1269,"bible_code":"HMOWSV","book_id":49,"book_code":"EPH","name":"EPH.1","code":"EPH.1"},{"id":2,"bible_id":1269,"bible_code":"HMOWSV","book_id":49,"book_code":"EPH","name":"EPH.2","code":"EPH.2"},{"id":3,"bible_id":1269,"bible_code":"HMOWSV","book_id":49,"book_code":"EPH","name":"EPH.3","code":"EPH.3"},{"id":4,"bible_id":1269,"bible_code":"HMOWSV","book_id":49,"book_code":"EPH","name":"EPH.4","code":"EPH.4"},{"id":5,"bible_id":1269,"bible_code":"HMOWSV","book_id":49,"book_code":"EPH","name":"EPH.5","code":"EPH.5"},{"id":6,"bible_id":1269,"bible_code":"HMOWSV","book_id":49,"book_code":"EPH","name":"EPH.6","code":"EPH.6"}]