[{"id":1,"bible_id":1269,"bible_code":"HMOWSV","book_id":5,"book_code":"DEU","name":"DEU.1","code":"DEU.1"},{"id":2,"bible_id":1269,"bible_code":"HMOWSV","book_id":5,"book_code":"DEU","name":"DEU.2","code":"DEU.2"},{"id":3,"bible_id":1269,"bible_code":"HMOWSV","book_id":5,"book_code":"DEU","name":"DEU.3","code":"DEU.3"},{"id":4,"bible_id":1269,"bible_code":"HMOWSV","book_id":5,"book_code":"DEU","name":"DEU.4","code":"DEU.4"},{"id":5,"bible_id":1269,"bible_code":"HMOWSV","book_id":5,"book_code":"DEU","name":"DEU.5","code":"DEU.5"},{"id":6,"bible_id":1269,"bible_code":"HMOWSV","book_id":5,"book_code":"DEU","name":"DEU.6","code":"DEU.6"},{"id":7,"bible_id":1269,"bible_code":"HMOWSV","book_id":5,"book_code":"DEU","name":"DEU.7","code":"DEU.7"},{"id":8,"bible_id":1269,"bible_code":"HMOWSV","book_id":5,"book_code":"DEU","name":"DEU.8","code":"DEU.8"},{"id":9,"bible_id":1269,"bible_code":"HMOWSV","book_id":5,"book_code":"DEU","name":"DEU.9","code":"DEU.9"},{"id":10,"bible_id":1269,"bible_code":"HMOWSV","book_id":5,"book_code":"DEU","name":"DEU.10","code":"DEU.10"},{"id":11,"bible_id":1269,"bible_code":"HMOWSV","book_id":5,"book_code":"DEU","name":"DEU.11","code":"DEU.11"},{"id":12,"bible_id":1269,"bible_code":"HMOWSV","book_id":5,"book_code":"DEU","name":"DEU.12","code":"DEU.12"},{"id":13,"bible_id":1269,"bible_code":"HMOWSV","book_id":5,"book_code":"DEU","name":"DEU.13","code":"DEU.13"},{"id":14,"bible_id":1269,"bible_code":"HMOWSV","book_id":5,"book_code":"DEU","name":"DEU.14","code":"DEU.14"},{"id":15,"bible_id":1269,"bible_code":"HMOWSV","book_id":5,"book_code":"DEU","name":"DEU.15","code":"DEU.15"},{"id":16,"bible_id":1269,"bible_code":"HMOWSV","book_id":5,"book_code":"DEU","name":"DEU.16","code":"DEU.16"},{"id":17,"bible_id":1269,"bible_code":"HMOWSV","book_id":5,"book_code":"DEU","name":"DEU.17","code":"DEU.17"},{"id":18,"bible_id":1269,"bible_code":"HMOWSV","book_id":5,"book_code":"DEU","name":"DEU.18","code":"DEU.18"},{"id":19,"bible_id":1269,"bible_code":"HMOWSV","book_id":5,"book_code":"DEU","name":"DEU.19","code":"DEU.19"},{"id":20,"bible_id":1269,"bible_code":"HMOWSV","book_id":5,"book_code":"DEU","name":"DEU.20","code":"DEU.20"},{"id":21,"bible_id":1269,"bible_code":"HMOWSV","book_id":5,"book_code":"DEU","name":"DEU.21","code":"DEU.21"},{"id":22,"bible_id":1269,"bible_code":"HMOWSV","book_id":5,"book_code":"DEU","name":"DEU.22","code":"DEU.22"},{"id":23,"bible_id":1269,"bible_code":"HMOWSV","book_id":5,"book_code":"DEU","name":"DEU.23","code":"DEU.23"},{"id":24,"bible_id":1269,"bible_code":"HMOWSV","book_id":5,"book_code":"DEU","name":"DEU.24","code":"DEU.24"},{"id":25,"bible_id":1269,"bible_code":"HMOWSV","book_id":5,"book_code":"DEU","name":"DEU.25","code":"DEU.25"},{"id":26,"bible_id":1269,"bible_code":"HMOWSV","book_id":5,"book_code":"DEU","name":"DEU.26","code":"DEU.26"},{"id":27,"bible_id":1269,"bible_code":"HMOWSV","book_id":5,"book_code":"DEU","name":"DEU.27","code":"DEU.27"},{"id":28,"bible_id":1269,"bible_code":"HMOWSV","book_id":5,"book_code":"DEU","name":"DEU.28","code":"DEU.28"},{"id":29,"bible_id":1269,"bible_code":"HMOWSV","book_id":5,"book_code":"DEU","name":"DEU.29","code":"DEU.29"},{"id":30,"bible_id":1269,"bible_code":"HMOWSV","book_id":5,"book_code":"DEU","name":"DEU.30","code":"DEU.30"},{"id":31,"bible_id":1269,"bible_code":"HMOWSV","book_id":5,"book_code":"DEU","name":"DEU.31","code":"DEU.31"},{"id":32,"bible_id":1269,"bible_code":"HMOWSV","book_id":5,"book_code":"DEU","name":"DEU.32","code":"DEU.32"},{"id":33,"bible_id":1269,"bible_code":"HMOWSV","book_id":5,"book_code":"DEU","name":"DEU.33","code":"DEU.33"},{"id":34,"bible_id":1269,"bible_code":"HMOWSV","book_id":5,"book_code":"DEU","name":"DEU.34","code":"DEU.34"}]