[{"id":1,"bible_id":1269,"bible_code":"HMOWSV","book_id":52,"book_code":"1TH","name":"1TH.1","code":"1TH.1"},{"id":2,"bible_id":1269,"bible_code":"HMOWSV","book_id":52,"book_code":"1TH","name":"1TH.2","code":"1TH.2"},{"id":3,"bible_id":1269,"bible_code":"HMOWSV","book_id":52,"book_code":"1TH","name":"1TH.3","code":"1TH.3"},{"id":4,"bible_id":1269,"bible_code":"HMOWSV","book_id":52,"book_code":"1TH","name":"1TH.4","code":"1TH.4"},{"id":5,"bible_id":1269,"bible_code":"HMOWSV","book_id":52,"book_code":"1TH","name":"1TH.5","code":"1TH.5"}]