[{"id":1,"bible_id":1269,"bible_code":"HMOWSV","book_id":7,"book_code":"JDG","name":"JDG.1","code":"JDG.1"},{"id":2,"bible_id":1269,"bible_code":"HMOWSV","book_id":7,"book_code":"JDG","name":"JDG.2","code":"JDG.2"},{"id":3,"bible_id":1269,"bible_code":"HMOWSV","book_id":7,"book_code":"JDG","name":"JDG.3","code":"JDG.3"},{"id":4,"bible_id":1269,"bible_code":"HMOWSV","book_id":7,"book_code":"JDG","name":"JDG.4","code":"JDG.4"},{"id":5,"bible_id":1269,"bible_code":"HMOWSV","book_id":7,"book_code":"JDG","name":"JDG.5","code":"JDG.5"},{"id":6,"bible_id":1269,"bible_code":"HMOWSV","book_id":7,"book_code":"JDG","name":"JDG.6","code":"JDG.6"},{"id":7,"bible_id":1269,"bible_code":"HMOWSV","book_id":7,"book_code":"JDG","name":"JDG.7","code":"JDG.7"},{"id":8,"bible_id":1269,"bible_code":"HMOWSV","book_id":7,"book_code":"JDG","name":"JDG.8","code":"JDG.8"},{"id":9,"bible_id":1269,"bible_code":"HMOWSV","book_id":7,"book_code":"JDG","name":"JDG.9","code":"JDG.9"},{"id":10,"bible_id":1269,"bible_code":"HMOWSV","book_id":7,"book_code":"JDG","name":"JDG.10","code":"JDG.10"},{"id":11,"bible_id":1269,"bible_code":"HMOWSV","book_id":7,"book_code":"JDG","name":"JDG.11","code":"JDG.11"},{"id":12,"bible_id":1269,"bible_code":"HMOWSV","book_id":7,"book_code":"JDG","name":"JDG.12","code":"JDG.12"},{"id":13,"bible_id":1269,"bible_code":"HMOWSV","book_id":7,"book_code":"JDG","name":"JDG.13","code":"JDG.13"},{"id":14,"bible_id":1269,"bible_code":"HMOWSV","book_id":7,"book_code":"JDG","name":"JDG.14","code":"JDG.14"},{"id":15,"bible_id":1269,"bible_code":"HMOWSV","book_id":7,"book_code":"JDG","name":"JDG.15","code":"JDG.15"},{"id":16,"bible_id":1269,"bible_code":"HMOWSV","book_id":7,"book_code":"JDG","name":"JDG.16","code":"JDG.16"},{"id":17,"bible_id":1269,"bible_code":"HMOWSV","book_id":7,"book_code":"JDG","name":"JDG.17","code":"JDG.17"},{"id":18,"bible_id":1269,"bible_code":"HMOWSV","book_id":7,"book_code":"JDG","name":"JDG.18","code":"JDG.18"},{"id":19,"bible_id":1269,"bible_code":"HMOWSV","book_id":7,"book_code":"JDG","name":"JDG.19","code":"JDG.19"},{"id":20,"bible_id":1269,"bible_code":"HMOWSV","book_id":7,"book_code":"JDG","name":"JDG.20","code":"JDG.20"},{"id":21,"bible_id":1269,"bible_code":"HMOWSV","book_id":7,"book_code":"JDG","name":"JDG.21","code":"JDG.21"}]