[{"id":1,"bible_id":1269,"bible_code":"HMOWSV","book_id":9,"book_code":"1SA","name":"1SA.1","code":"1SA.1"},{"id":2,"bible_id":1269,"bible_code":"HMOWSV","book_id":9,"book_code":"1SA","name":"1SA.2","code":"1SA.2"},{"id":3,"bible_id":1269,"bible_code":"HMOWSV","book_id":9,"book_code":"1SA","name":"1SA.3","code":"1SA.3"},{"id":4,"bible_id":1269,"bible_code":"HMOWSV","book_id":9,"book_code":"1SA","name":"1SA.4","code":"1SA.4"},{"id":5,"bible_id":1269,"bible_code":"HMOWSV","book_id":9,"book_code":"1SA","name":"1SA.5","code":"1SA.5"},{"id":6,"bible_id":1269,"bible_code":"HMOWSV","book_id":9,"book_code":"1SA","name":"1SA.6","code":"1SA.6"},{"id":7,"bible_id":1269,"bible_code":"HMOWSV","book_id":9,"book_code":"1SA","name":"1SA.7","code":"1SA.7"},{"id":8,"bible_id":1269,"bible_code":"HMOWSV","book_id":9,"book_code":"1SA","name":"1SA.8","code":"1SA.8"},{"id":9,"bible_id":1269,"bible_code":"HMOWSV","book_id":9,"book_code":"1SA","name":"1SA.9","code":"1SA.9"},{"id":10,"bible_id":1269,"bible_code":"HMOWSV","book_id":9,"book_code":"1SA","name":"1SA.10","code":"1SA.10"},{"id":11,"bible_id":1269,"bible_code":"HMOWSV","book_id":9,"book_code":"1SA","name":"1SA.11","code":"1SA.11"},{"id":12,"bible_id":1269,"bible_code":"HMOWSV","book_id":9,"book_code":"1SA","name":"1SA.12","code":"1SA.12"},{"id":13,"bible_id":1269,"bible_code":"HMOWSV","book_id":9,"book_code":"1SA","name":"1SA.13","code":"1SA.13"},{"id":14,"bible_id":1269,"bible_code":"HMOWSV","book_id":9,"book_code":"1SA","name":"1SA.14","code":"1SA.14"},{"id":15,"bible_id":1269,"bible_code":"HMOWSV","book_id":9,"book_code":"1SA","name":"1SA.15","code":"1SA.15"},{"id":16,"bible_id":1269,"bible_code":"HMOWSV","book_id":9,"book_code":"1SA","name":"1SA.16","code":"1SA.16"},{"id":17,"bible_id":1269,"bible_code":"HMOWSV","book_id":9,"book_code":"1SA","name":"1SA.17","code":"1SA.17"},{"id":18,"bible_id":1269,"bible_code":"HMOWSV","book_id":9,"book_code":"1SA","name":"1SA.18","code":"1SA.18"},{"id":19,"bible_id":1269,"bible_code":"HMOWSV","book_id":9,"book_code":"1SA","name":"1SA.19","code":"1SA.19"},{"id":20,"bible_id":1269,"bible_code":"HMOWSV","book_id":9,"book_code":"1SA","name":"1SA.20","code":"1SA.20"},{"id":21,"bible_id":1269,"bible_code":"HMOWSV","book_id":9,"book_code":"1SA","name":"1SA.21","code":"1SA.21"},{"id":22,"bible_id":1269,"bible_code":"HMOWSV","book_id":9,"book_code":"1SA","name":"1SA.22","code":"1SA.22"},{"id":23,"bible_id":1269,"bible_code":"HMOWSV","book_id":9,"book_code":"1SA","name":"1SA.23","code":"1SA.23"},{"id":24,"bible_id":1269,"bible_code":"HMOWSV","book_id":9,"book_code":"1SA","name":"1SA.24","code":"1SA.24"},{"id":25,"bible_id":1269,"bible_code":"HMOWSV","book_id":9,"book_code":"1SA","name":"1SA.25","code":"1SA.25"},{"id":26,"bible_id":1269,"bible_code":"HMOWSV","book_id":9,"book_code":"1SA","name":"1SA.26","code":"1SA.26"},{"id":27,"bible_id":1269,"bible_code":"HMOWSV","book_id":9,"book_code":"1SA","name":"1SA.27","code":"1SA.27"},{"id":28,"bible_id":1269,"bible_code":"HMOWSV","book_id":9,"book_code":"1SA","name":"1SA.28","code":"1SA.28"},{"id":29,"bible_id":1269,"bible_code":"HMOWSV","book_id":9,"book_code":"1SA","name":"1SA.29","code":"1SA.29"},{"id":30,"bible_id":1269,"bible_code":"HMOWSV","book_id":9,"book_code":"1SA","name":"1SA.30","code":"1SA.30"},{"id":31,"bible_id":1269,"bible_code":"HMOWSV","book_id":9,"book_code":"1SA","name":"1SA.31","code":"1SA.31"}]