[{"id":1,"bible_id":1525,"bible_code":"MWW2000","book_id":11,"book_code":"1KI","name":"1KI.1","code":"1KI.1"},{"id":2,"bible_id":1525,"bible_code":"MWW2000","book_id":11,"book_code":"1KI","name":"1KI.2","code":"1KI.2"},{"id":3,"bible_id":1525,"bible_code":"MWW2000","book_id":11,"book_code":"1KI","name":"1KI.3","code":"1KI.3"},{"id":4,"bible_id":1525,"bible_code":"MWW2000","book_id":11,"book_code":"1KI","name":"1KI.4","code":"1KI.4"},{"id":5,"bible_id":1525,"bible_code":"MWW2000","book_id":11,"book_code":"1KI","name":"1KI.5","code":"1KI.5"},{"id":6,"bible_id":1525,"bible_code":"MWW2000","book_id":11,"book_code":"1KI","name":"1KI.6","code":"1KI.6"},{"id":7,"bible_id":1525,"bible_code":"MWW2000","book_id":11,"book_code":"1KI","name":"1KI.7","code":"1KI.7"},{"id":8,"bible_id":1525,"bible_code":"MWW2000","book_id":11,"book_code":"1KI","name":"1KI.8","code":"1KI.8"},{"id":9,"bible_id":1525,"bible_code":"MWW2000","book_id":11,"book_code":"1KI","name":"1KI.9","code":"1KI.9"},{"id":10,"bible_id":1525,"bible_code":"MWW2000","book_id":11,"book_code":"1KI","name":"1KI.10","code":"1KI.10"},{"id":11,"bible_id":1525,"bible_code":"MWW2000","book_id":11,"book_code":"1KI","name":"1KI.11","code":"1KI.11"},{"id":12,"bible_id":1525,"bible_code":"MWW2000","book_id":11,"book_code":"1KI","name":"1KI.12","code":"1KI.12"},{"id":13,"bible_id":1525,"bible_code":"MWW2000","book_id":11,"book_code":"1KI","name":"1KI.13","code":"1KI.13"},{"id":14,"bible_id":1525,"bible_code":"MWW2000","book_id":11,"book_code":"1KI","name":"1KI.14","code":"1KI.14"},{"id":15,"bible_id":1525,"bible_code":"MWW2000","book_id":11,"book_code":"1KI","name":"1KI.15","code":"1KI.15"},{"id":16,"bible_id":1525,"bible_code":"MWW2000","book_id":11,"book_code":"1KI","name":"1KI.16","code":"1KI.16"},{"id":17,"bible_id":1525,"bible_code":"MWW2000","book_id":11,"book_code":"1KI","name":"1KI.17","code":"1KI.17"},{"id":18,"bible_id":1525,"bible_code":"MWW2000","book_id":11,"book_code":"1KI","name":"1KI.18","code":"1KI.18"},{"id":19,"bible_id":1525,"bible_code":"MWW2000","book_id":11,"book_code":"1KI","name":"1KI.19","code":"1KI.19"},{"id":20,"bible_id":1525,"bible_code":"MWW2000","book_id":11,"book_code":"1KI","name":"1KI.20","code":"1KI.20"},{"id":21,"bible_id":1525,"bible_code":"MWW2000","book_id":11,"book_code":"1KI","name":"1KI.21","code":"1KI.21"},{"id":22,"bible_id":1525,"bible_code":"MWW2000","book_id":11,"book_code":"1KI","name":"1KI.22","code":"1KI.22"}]