[{"id":1,"bible_id":1525,"bible_code":"MWW2000","book_id":38,"book_code":"ZEC","name":"ZEC.1","code":"ZEC.1"},{"id":2,"bible_id":1525,"bible_code":"MWW2000","book_id":38,"book_code":"ZEC","name":"ZEC.2","code":"ZEC.2"},{"id":3,"bible_id":1525,"bible_code":"MWW2000","book_id":38,"book_code":"ZEC","name":"ZEC.3","code":"ZEC.3"},{"id":4,"bible_id":1525,"bible_code":"MWW2000","book_id":38,"book_code":"ZEC","name":"ZEC.4","code":"ZEC.4"},{"id":5,"bible_id":1525,"bible_code":"MWW2000","book_id":38,"book_code":"ZEC","name":"ZEC.5","code":"ZEC.5"},{"id":6,"bible_id":1525,"bible_code":"MWW2000","book_id":38,"book_code":"ZEC","name":"ZEC.6","code":"ZEC.6"},{"id":7,"bible_id":1525,"bible_code":"MWW2000","book_id":38,"book_code":"ZEC","name":"ZEC.7","code":"ZEC.7"},{"id":8,"bible_id":1525,"bible_code":"MWW2000","book_id":38,"book_code":"ZEC","name":"ZEC.8","code":"ZEC.8"},{"id":9,"bible_id":1525,"bible_code":"MWW2000","book_id":38,"book_code":"ZEC","name":"ZEC.9","code":"ZEC.9"},{"id":10,"bible_id":1525,"bible_code":"MWW2000","book_id":38,"book_code":"ZEC","name":"ZEC.10","code":"ZEC.10"},{"id":11,"bible_id":1525,"bible_code":"MWW2000","book_id":38,"book_code":"ZEC","name":"ZEC.11","code":"ZEC.11"},{"id":12,"bible_id":1525,"bible_code":"MWW2000","book_id":38,"book_code":"ZEC","name":"ZEC.12","code":"ZEC.12"},{"id":13,"bible_id":1525,"bible_code":"MWW2000","book_id":38,"book_code":"ZEC","name":"ZEC.13","code":"ZEC.13"},{"id":14,"bible_id":1525,"bible_code":"MWW2000","book_id":38,"book_code":"ZEC","name":"ZEC.14","code":"ZEC.14"}]