[{"id":1,"bible_id":1525,"bible_code":"MWW2000","book_id":40,"book_code":"MAT","name":"MAT.1","code":"MAT.1"},{"id":2,"bible_id":1525,"bible_code":"MWW2000","book_id":40,"book_code":"MAT","name":"MAT.2","code":"MAT.2"},{"id":3,"bible_id":1525,"bible_code":"MWW2000","book_id":40,"book_code":"MAT","name":"MAT.3","code":"MAT.3"},{"id":4,"bible_id":1525,"bible_code":"MWW2000","book_id":40,"book_code":"MAT","name":"MAT.4","code":"MAT.4"},{"id":5,"bible_id":1525,"bible_code":"MWW2000","book_id":40,"book_code":"MAT","name":"MAT.5","code":"MAT.5"},{"id":6,"bible_id":1525,"bible_code":"MWW2000","book_id":40,"book_code":"MAT","name":"MAT.6","code":"MAT.6"},{"id":7,"bible_id":1525,"bible_code":"MWW2000","book_id":40,"book_code":"MAT","name":"MAT.7","code":"MAT.7"},{"id":8,"bible_id":1525,"bible_code":"MWW2000","book_id":40,"book_code":"MAT","name":"MAT.8","code":"MAT.8"},{"id":9,"bible_id":1525,"bible_code":"MWW2000","book_id":40,"book_code":"MAT","name":"MAT.9","code":"MAT.9"},{"id":10,"bible_id":1525,"bible_code":"MWW2000","book_id":40,"book_code":"MAT","name":"MAT.10","code":"MAT.10"},{"id":11,"bible_id":1525,"bible_code":"MWW2000","book_id":40,"book_code":"MAT","name":"MAT.11","code":"MAT.11"},{"id":12,"bible_id":1525,"bible_code":"MWW2000","book_id":40,"book_code":"MAT","name":"MAT.12","code":"MAT.12"},{"id":13,"bible_id":1525,"bible_code":"MWW2000","book_id":40,"book_code":"MAT","name":"MAT.13","code":"MAT.13"},{"id":14,"bible_id":1525,"bible_code":"MWW2000","book_id":40,"book_code":"MAT","name":"MAT.14","code":"MAT.14"},{"id":15,"bible_id":1525,"bible_code":"MWW2000","book_id":40,"book_code":"MAT","name":"MAT.15","code":"MAT.15"},{"id":16,"bible_id":1525,"bible_code":"MWW2000","book_id":40,"book_code":"MAT","name":"MAT.16","code":"MAT.16"},{"id":17,"bible_id":1525,"bible_code":"MWW2000","book_id":40,"book_code":"MAT","name":"MAT.17","code":"MAT.17"},{"id":18,"bible_id":1525,"bible_code":"MWW2000","book_id":40,"book_code":"MAT","name":"MAT.18","code":"MAT.18"},{"id":19,"bible_id":1525,"bible_code":"MWW2000","book_id":40,"book_code":"MAT","name":"MAT.19","code":"MAT.19"},{"id":20,"bible_id":1525,"bible_code":"MWW2000","book_id":40,"book_code":"MAT","name":"MAT.20","code":"MAT.20"},{"id":21,"bible_id":1525,"bible_code":"MWW2000","book_id":40,"book_code":"MAT","name":"MAT.21","code":"MAT.21"},{"id":22,"bible_id":1525,"bible_code":"MWW2000","book_id":40,"book_code":"MAT","name":"MAT.22","code":"MAT.22"},{"id":23,"bible_id":1525,"bible_code":"MWW2000","book_id":40,"book_code":"MAT","name":"MAT.23","code":"MAT.23"},{"id":24,"bible_id":1525,"bible_code":"MWW2000","book_id":40,"book_code":"MAT","name":"MAT.24","code":"MAT.24"},{"id":25,"bible_id":1525,"bible_code":"MWW2000","book_id":40,"book_code":"MAT","name":"MAT.25","code":"MAT.25"},{"id":26,"bible_id":1525,"bible_code":"MWW2000","book_id":40,"book_code":"MAT","name":"MAT.26","code":"MAT.26"},{"id":27,"bible_id":1525,"bible_code":"MWW2000","book_id":40,"book_code":"MAT","name":"MAT.27","code":"MAT.27"},{"id":28,"bible_id":1525,"bible_code":"MWW2000","book_id":40,"book_code":"MAT","name":"MAT.28","code":"MAT.28"}]