[{"id":1,"bible_id":1525,"bible_code":"MWW2000","book_id":42,"book_code":"LUK","name":"LUK.1","code":"LUK.1"},{"id":2,"bible_id":1525,"bible_code":"MWW2000","book_id":42,"book_code":"LUK","name":"LUK.2","code":"LUK.2"},{"id":3,"bible_id":1525,"bible_code":"MWW2000","book_id":42,"book_code":"LUK","name":"LUK.3","code":"LUK.3"},{"id":4,"bible_id":1525,"bible_code":"MWW2000","book_id":42,"book_code":"LUK","name":"LUK.4","code":"LUK.4"},{"id":5,"bible_id":1525,"bible_code":"MWW2000","book_id":42,"book_code":"LUK","name":"LUK.5","code":"LUK.5"},{"id":6,"bible_id":1525,"bible_code":"MWW2000","book_id":42,"book_code":"LUK","name":"LUK.6","code":"LUK.6"},{"id":7,"bible_id":1525,"bible_code":"MWW2000","book_id":42,"book_code":"LUK","name":"LUK.7","code":"LUK.7"},{"id":8,"bible_id":1525,"bible_code":"MWW2000","book_id":42,"book_code":"LUK","name":"LUK.8","code":"LUK.8"},{"id":9,"bible_id":1525,"bible_code":"MWW2000","book_id":42,"book_code":"LUK","name":"LUK.9","code":"LUK.9"},{"id":10,"bible_id":1525,"bible_code":"MWW2000","book_id":42,"book_code":"LUK","name":"LUK.10","code":"LUK.10"},{"id":11,"bible_id":1525,"bible_code":"MWW2000","book_id":42,"book_code":"LUK","name":"LUK.11","code":"LUK.11"},{"id":12,"bible_id":1525,"bible_code":"MWW2000","book_id":42,"book_code":"LUK","name":"LUK.12","code":"LUK.12"},{"id":13,"bible_id":1525,"bible_code":"MWW2000","book_id":42,"book_code":"LUK","name":"LUK.13","code":"LUK.13"},{"id":14,"bible_id":1525,"bible_code":"MWW2000","book_id":42,"book_code":"LUK","name":"LUK.14","code":"LUK.14"},{"id":15,"bible_id":1525,"bible_code":"MWW2000","book_id":42,"book_code":"LUK","name":"LUK.15","code":"LUK.15"},{"id":16,"bible_id":1525,"bible_code":"MWW2000","book_id":42,"book_code":"LUK","name":"LUK.16","code":"LUK.16"},{"id":17,"bible_id":1525,"bible_code":"MWW2000","book_id":42,"book_code":"LUK","name":"LUK.17","code":"LUK.17"},{"id":18,"bible_id":1525,"bible_code":"MWW2000","book_id":42,"book_code":"LUK","name":"LUK.18","code":"LUK.18"},{"id":19,"bible_id":1525,"bible_code":"MWW2000","book_id":42,"book_code":"LUK","name":"LUK.19","code":"LUK.19"},{"id":20,"bible_id":1525,"bible_code":"MWW2000","book_id":42,"book_code":"LUK","name":"LUK.20","code":"LUK.20"},{"id":21,"bible_id":1525,"bible_code":"MWW2000","book_id":42,"book_code":"LUK","name":"LUK.21","code":"LUK.21"},{"id":22,"bible_id":1525,"bible_code":"MWW2000","book_id":42,"book_code":"LUK","name":"LUK.22","code":"LUK.22"},{"id":23,"bible_id":1525,"bible_code":"MWW2000","book_id":42,"book_code":"LUK","name":"LUK.23","code":"LUK.23"},{"id":24,"bible_id":1525,"bible_code":"MWW2000","book_id":42,"book_code":"LUK","name":"LUK.24","code":"LUK.24"}]