[{"id":1,"bible_id":1525,"bible_code":"MWW2000","book_id":46,"book_code":"1CO","name":"1CO.1","code":"1CO.1"},{"id":2,"bible_id":1525,"bible_code":"MWW2000","book_id":46,"book_code":"1CO","name":"1CO.2","code":"1CO.2"},{"id":3,"bible_id":1525,"bible_code":"MWW2000","book_id":46,"book_code":"1CO","name":"1CO.3","code":"1CO.3"},{"id":4,"bible_id":1525,"bible_code":"MWW2000","book_id":46,"book_code":"1CO","name":"1CO.4","code":"1CO.4"},{"id":5,"bible_id":1525,"bible_code":"MWW2000","book_id":46,"book_code":"1CO","name":"1CO.5","code":"1CO.5"},{"id":6,"bible_id":1525,"bible_code":"MWW2000","book_id":46,"book_code":"1CO","name":"1CO.6","code":"1CO.6"},{"id":7,"bible_id":1525,"bible_code":"MWW2000","book_id":46,"book_code":"1CO","name":"1CO.7","code":"1CO.7"},{"id":8,"bible_id":1525,"bible_code":"MWW2000","book_id":46,"book_code":"1CO","name":"1CO.8","code":"1CO.8"},{"id":9,"bible_id":1525,"bible_code":"MWW2000","book_id":46,"book_code":"1CO","name":"1CO.9","code":"1CO.9"},{"id":10,"bible_id":1525,"bible_code":"MWW2000","book_id":46,"book_code":"1CO","name":"1CO.10","code":"1CO.10"},{"id":11,"bible_id":1525,"bible_code":"MWW2000","book_id":46,"book_code":"1CO","name":"1CO.11","code":"1CO.11"},{"id":12,"bible_id":1525,"bible_code":"MWW2000","book_id":46,"book_code":"1CO","name":"1CO.12","code":"1CO.12"},{"id":13,"bible_id":1525,"bible_code":"MWW2000","book_id":46,"book_code":"1CO","name":"1CO.13","code":"1CO.13"},{"id":14,"bible_id":1525,"bible_code":"MWW2000","book_id":46,"book_code":"1CO","name":"1CO.14","code":"1CO.14"},{"id":15,"bible_id":1525,"bible_code":"MWW2000","book_id":46,"book_code":"1CO","name":"1CO.15","code":"1CO.15"},{"id":16,"bible_id":1525,"bible_code":"MWW2000","book_id":46,"book_code":"1CO","name":"1CO.16","code":"1CO.16"}]