[{"id":1,"bible_id":1726,"bible_code":"HNJ2000","book_id":1,"book_code":"GEN","name":"GEN.1","code":"GEN.1"},{"id":2,"bible_id":1726,"bible_code":"HNJ2000","book_id":1,"book_code":"GEN","name":"GEN.2","code":"GEN.2"},{"id":3,"bible_id":1726,"bible_code":"HNJ2000","book_id":1,"book_code":"GEN","name":"GEN.3","code":"GEN.3"},{"id":4,"bible_id":1726,"bible_code":"HNJ2000","book_id":1,"book_code":"GEN","name":"GEN.4","code":"GEN.4"},{"id":5,"bible_id":1726,"bible_code":"HNJ2000","book_id":1,"book_code":"GEN","name":"GEN.5","code":"GEN.5"},{"id":6,"bible_id":1726,"bible_code":"HNJ2000","book_id":1,"book_code":"GEN","name":"GEN.6","code":"GEN.6"},{"id":7,"bible_id":1726,"bible_code":"HNJ2000","book_id":1,"book_code":"GEN","name":"GEN.7","code":"GEN.7"},{"id":8,"bible_id":1726,"bible_code":"HNJ2000","book_id":1,"book_code":"GEN","name":"GEN.8","code":"GEN.8"},{"id":9,"bible_id":1726,"bible_code":"HNJ2000","book_id":1,"book_code":"GEN","name":"GEN.9","code":"GEN.9"},{"id":10,"bible_id":1726,"bible_code":"HNJ2000","book_id":1,"book_code":"GEN","name":"GEN.10","code":"GEN.10"},{"id":11,"bible_id":1726,"bible_code":"HNJ2000","book_id":1,"book_code":"GEN","name":"GEN.11","code":"GEN.11"},{"id":12,"bible_id":1726,"bible_code":"HNJ2000","book_id":1,"book_code":"GEN","name":"GEN.12","code":"GEN.12"},{"id":13,"bible_id":1726,"bible_code":"HNJ2000","book_id":1,"book_code":"GEN","name":"GEN.13","code":"GEN.13"},{"id":14,"bible_id":1726,"bible_code":"HNJ2000","book_id":1,"book_code":"GEN","name":"GEN.14","code":"GEN.14"},{"id":15,"bible_id":1726,"bible_code":"HNJ2000","book_id":1,"book_code":"GEN","name":"GEN.15","code":"GEN.15"},{"id":16,"bible_id":1726,"bible_code":"HNJ2000","book_id":1,"book_code":"GEN","name":"GEN.16","code":"GEN.16"},{"id":17,"bible_id":1726,"bible_code":"HNJ2000","book_id":1,"book_code":"GEN","name":"GEN.17","code":"GEN.17"},{"id":18,"bible_id":1726,"bible_code":"HNJ2000","book_id":1,"book_code":"GEN","name":"GEN.18","code":"GEN.18"},{"id":19,"bible_id":1726,"bible_code":"HNJ2000","book_id":1,"book_code":"GEN","name":"GEN.19","code":"GEN.19"},{"id":20,"bible_id":1726,"bible_code":"HNJ2000","book_id":1,"book_code":"GEN","name":"GEN.20","code":"GEN.20"},{"id":21,"bible_id":1726,"bible_code":"HNJ2000","book_id":1,"book_code":"GEN","name":"GEN.21","code":"GEN.21"},{"id":22,"bible_id":1726,"bible_code":"HNJ2000","book_id":1,"book_code":"GEN","name":"GEN.22","code":"GEN.22"},{"id":23,"bible_id":1726,"bible_code":"HNJ2000","book_id":1,"book_code":"GEN","name":"GEN.23","code":"GEN.23"},{"id":24,"bible_id":1726,"bible_code":"HNJ2000","book_id":1,"book_code":"GEN","name":"GEN.24","code":"GEN.24"},{"id":25,"bible_id":1726,"bible_code":"HNJ2000","book_id":1,"book_code":"GEN","name":"GEN.25","code":"GEN.25"},{"id":26,"bible_id":1726,"bible_code":"HNJ2000","book_id":1,"book_code":"GEN","name":"GEN.26","code":"GEN.26"},{"id":27,"bible_id":1726,"bible_code":"HNJ2000","book_id":1,"book_code":"GEN","name":"GEN.27","code":"GEN.27"},{"id":28,"bible_id":1726,"bible_code":"HNJ2000","book_id":1,"book_code":"GEN","name":"GEN.28","code":"GEN.28"},{"id":29,"bible_id":1726,"bible_code":"HNJ2000","book_id":1,"book_code":"GEN","name":"GEN.29","code":"GEN.29"},{"id":30,"bible_id":1726,"bible_code":"HNJ2000","book_id":1,"book_code":"GEN","name":"GEN.30","code":"GEN.30"},{"id":31,"bible_id":1726,"bible_code":"HNJ2000","book_id":1,"book_code":"GEN","name":"GEN.31","code":"GEN.31"},{"id":32,"bible_id":1726,"bible_code":"HNJ2000","book_id":1,"book_code":"GEN","name":"GEN.32","code":"GEN.32"},{"id":33,"bible_id":1726,"bible_code":"HNJ2000","book_id":1,"book_code":"GEN","name":"GEN.33","code":"GEN.33"},{"id":34,"bible_id":1726,"bible_code":"HNJ2000","book_id":1,"book_code":"GEN","name":"GEN.34","code":"GEN.34"},{"id":35,"bible_id":1726,"bible_code":"HNJ2000","book_id":1,"book_code":"GEN","name":"GEN.35","code":"GEN.35"},{"id":36,"bible_id":1726,"bible_code":"HNJ2000","book_id":1,"book_code":"GEN","name":"GEN.36","code":"GEN.36"},{"id":37,"bible_id":1726,"bible_code":"HNJ2000","book_id":1,"book_code":"GEN","name":"GEN.37","code":"GEN.37"},{"id":38,"bible_id":1726,"bible_code":"HNJ2000","book_id":1,"book_code":"GEN","name":"GEN.38","code":"GEN.38"},{"id":39,"bible_id":1726,"bible_code":"HNJ2000","book_id":1,"book_code":"GEN","name":"GEN.39","code":"GEN.39"},{"id":40,"bible_id":1726,"bible_code":"HNJ2000","book_id":1,"book_code":"GEN","name":"GEN.40","code":"GEN.40"},{"id":41,"bible_id":1726,"bible_code":"HNJ2000","book_id":1,"book_code":"GEN","name":"GEN.41","code":"GEN.41"},{"id":42,"bible_id":1726,"bible_code":"HNJ2000","book_id":1,"book_code":"GEN","name":"GEN.42","code":"GEN.42"},{"id":43,"bible_id":1726,"bible_code":"HNJ2000","book_id":1,"book_code":"GEN","name":"GEN.43","code":"GEN.43"},{"id":44,"bible_id":1726,"bible_code":"HNJ2000","book_id":1,"book_code":"GEN","name":"GEN.44","code":"GEN.44"},{"id":45,"bible_id":1726,"bible_code":"HNJ2000","book_id":1,"book_code":"GEN","name":"GEN.45","code":"GEN.45"},{"id":46,"bible_id":1726,"bible_code":"HNJ2000","book_id":1,"book_code":"GEN","name":"GEN.46","code":"GEN.46"},{"id":47,"bible_id":1726,"bible_code":"HNJ2000","book_id":1,"book_code":"GEN","name":"GEN.47","code":"GEN.47"},{"id":48,"bible_id":1726,"bible_code":"HNJ2000","book_id":1,"book_code":"GEN","name":"GEN.48","code":"GEN.48"},{"id":49,"bible_id":1726,"bible_code":"HNJ2000","book_id":1,"book_code":"GEN","name":"GEN.49","code":"GEN.49"},{"id":50,"bible_id":1726,"bible_code":"HNJ2000","book_id":1,"book_code":"GEN","name":"GEN.50","code":"GEN.50"}]