[{"id":1,"bible_id":1726,"bible_code":"HNJ2000","book_id":15,"book_code":"EZR","name":"EZR.1","code":"EZR.1"},{"id":2,"bible_id":1726,"bible_code":"HNJ2000","book_id":15,"book_code":"EZR","name":"EZR.2","code":"EZR.2"},{"id":3,"bible_id":1726,"bible_code":"HNJ2000","book_id":15,"book_code":"EZR","name":"EZR.3","code":"EZR.3"},{"id":4,"bible_id":1726,"bible_code":"HNJ2000","book_id":15,"book_code":"EZR","name":"EZR.4","code":"EZR.4"},{"id":5,"bible_id":1726,"bible_code":"HNJ2000","book_id":15,"book_code":"EZR","name":"EZR.5","code":"EZR.5"},{"id":6,"bible_id":1726,"bible_code":"HNJ2000","book_id":15,"book_code":"EZR","name":"EZR.6","code":"EZR.6"},{"id":7,"bible_id":1726,"bible_code":"HNJ2000","book_id":15,"book_code":"EZR","name":"EZR.7","code":"EZR.7"},{"id":8,"bible_id":1726,"bible_code":"HNJ2000","book_id":15,"book_code":"EZR","name":"EZR.8","code":"EZR.8"},{"id":9,"bible_id":1726,"bible_code":"HNJ2000","book_id":15,"book_code":"EZR","name":"EZR.9","code":"EZR.9"},{"id":10,"bible_id":1726,"bible_code":"HNJ2000","book_id":15,"book_code":"EZR","name":"EZR.10","code":"EZR.10"}]