[{"id":1,"bible_id":1726,"bible_code":"HNJ2000","book_id":18,"book_code":"JOB","name":"JOB.1","code":"JOB.1"},{"id":2,"bible_id":1726,"bible_code":"HNJ2000","book_id":18,"book_code":"JOB","name":"JOB.2","code":"JOB.2"},{"id":3,"bible_id":1726,"bible_code":"HNJ2000","book_id":18,"book_code":"JOB","name":"JOB.3","code":"JOB.3"},{"id":4,"bible_id":1726,"bible_code":"HNJ2000","book_id":18,"book_code":"JOB","name":"JOB.4","code":"JOB.4"},{"id":5,"bible_id":1726,"bible_code":"HNJ2000","book_id":18,"book_code":"JOB","name":"JOB.5","code":"JOB.5"},{"id":6,"bible_id":1726,"bible_code":"HNJ2000","book_id":18,"book_code":"JOB","name":"JOB.6","code":"JOB.6"},{"id":7,"bible_id":1726,"bible_code":"HNJ2000","book_id":18,"book_code":"JOB","name":"JOB.7","code":"JOB.7"},{"id":8,"bible_id":1726,"bible_code":"HNJ2000","book_id":18,"book_code":"JOB","name":"JOB.8","code":"JOB.8"},{"id":9,"bible_id":1726,"bible_code":"HNJ2000","book_id":18,"book_code":"JOB","name":"JOB.9","code":"JOB.9"},{"id":10,"bible_id":1726,"bible_code":"HNJ2000","book_id":18,"book_code":"JOB","name":"JOB.10","code":"JOB.10"},{"id":11,"bible_id":1726,"bible_code":"HNJ2000","book_id":18,"book_code":"JOB","name":"JOB.11","code":"JOB.11"},{"id":12,"bible_id":1726,"bible_code":"HNJ2000","book_id":18,"book_code":"JOB","name":"JOB.12","code":"JOB.12"},{"id":13,"bible_id":1726,"bible_code":"HNJ2000","book_id":18,"book_code":"JOB","name":"JOB.13","code":"JOB.13"},{"id":14,"bible_id":1726,"bible_code":"HNJ2000","book_id":18,"book_code":"JOB","name":"JOB.14","code":"JOB.14"},{"id":15,"bible_id":1726,"bible_code":"HNJ2000","book_id":18,"book_code":"JOB","name":"JOB.15","code":"JOB.15"},{"id":16,"bible_id":1726,"bible_code":"HNJ2000","book_id":18,"book_code":"JOB","name":"JOB.16","code":"JOB.16"},{"id":17,"bible_id":1726,"bible_code":"HNJ2000","book_id":18,"book_code":"JOB","name":"JOB.17","code":"JOB.17"},{"id":18,"bible_id":1726,"bible_code":"HNJ2000","book_id":18,"book_code":"JOB","name":"JOB.18","code":"JOB.18"},{"id":19,"bible_id":1726,"bible_code":"HNJ2000","book_id":18,"book_code":"JOB","name":"JOB.19","code":"JOB.19"},{"id":20,"bible_id":1726,"bible_code":"HNJ2000","book_id":18,"book_code":"JOB","name":"JOB.20","code":"JOB.20"},{"id":21,"bible_id":1726,"bible_code":"HNJ2000","book_id":18,"book_code":"JOB","name":"JOB.21","code":"JOB.21"},{"id":22,"bible_id":1726,"bible_code":"HNJ2000","book_id":18,"book_code":"JOB","name":"JOB.22","code":"JOB.22"},{"id":23,"bible_id":1726,"bible_code":"HNJ2000","book_id":18,"book_code":"JOB","name":"JOB.23","code":"JOB.23"},{"id":24,"bible_id":1726,"bible_code":"HNJ2000","book_id":18,"book_code":"JOB","name":"JOB.24","code":"JOB.24"},{"id":25,"bible_id":1726,"bible_code":"HNJ2000","book_id":18,"book_code":"JOB","name":"JOB.25","code":"JOB.25"},{"id":26,"bible_id":1726,"bible_code":"HNJ2000","book_id":18,"book_code":"JOB","name":"JOB.26","code":"JOB.26"},{"id":27,"bible_id":1726,"bible_code":"HNJ2000","book_id":18,"book_code":"JOB","name":"JOB.27","code":"JOB.27"},{"id":28,"bible_id":1726,"bible_code":"HNJ2000","book_id":18,"book_code":"JOB","name":"JOB.28","code":"JOB.28"},{"id":29,"bible_id":1726,"bible_code":"HNJ2000","book_id":18,"book_code":"JOB","name":"JOB.29","code":"JOB.29"},{"id":30,"bible_id":1726,"bible_code":"HNJ2000","book_id":18,"book_code":"JOB","name":"JOB.30","code":"JOB.30"},{"id":31,"bible_id":1726,"bible_code":"HNJ2000","book_id":18,"book_code":"JOB","name":"JOB.31","code":"JOB.31"},{"id":32,"bible_id":1726,"bible_code":"HNJ2000","book_id":18,"book_code":"JOB","name":"JOB.32","code":"JOB.32"},{"id":33,"bible_id":1726,"bible_code":"HNJ2000","book_id":18,"book_code":"JOB","name":"JOB.33","code":"JOB.33"},{"id":34,"bible_id":1726,"bible_code":"HNJ2000","book_id":18,"book_code":"JOB","name":"JOB.34","code":"JOB.34"},{"id":35,"bible_id":1726,"bible_code":"HNJ2000","book_id":18,"book_code":"JOB","name":"JOB.35","code":"JOB.35"},{"id":36,"bible_id":1726,"bible_code":"HNJ2000","book_id":18,"book_code":"JOB","name":"JOB.36","code":"JOB.36"},{"id":37,"bible_id":1726,"bible_code":"HNJ2000","book_id":18,"book_code":"JOB","name":"JOB.37","code":"JOB.37"},{"id":38,"bible_id":1726,"bible_code":"HNJ2000","book_id":18,"book_code":"JOB","name":"JOB.38","code":"JOB.38"},{"id":39,"bible_id":1726,"bible_code":"HNJ2000","book_id":18,"book_code":"JOB","name":"JOB.39","code":"JOB.39"},{"id":40,"bible_id":1726,"bible_code":"HNJ2000","book_id":18,"book_code":"JOB","name":"JOB.40","code":"JOB.40"},{"id":41,"bible_id":1726,"bible_code":"HNJ2000","book_id":18,"book_code":"JOB","name":"JOB.41","code":"JOB.41"},{"id":42,"bible_id":1726,"bible_code":"HNJ2000","book_id":18,"book_code":"JOB","name":"JOB.42","code":"JOB.42"}]