[{"id":1,"bible_id":1726,"bible_code":"HNJ2000","book_id":33,"book_code":"MIC","name":"MIC.1","code":"MIC.1"},{"id":2,"bible_id":1726,"bible_code":"HNJ2000","book_id":33,"book_code":"MIC","name":"MIC.2","code":"MIC.2"},{"id":3,"bible_id":1726,"bible_code":"HNJ2000","book_id":33,"book_code":"MIC","name":"MIC.3","code":"MIC.3"},{"id":4,"bible_id":1726,"bible_code":"HNJ2000","book_id":33,"book_code":"MIC","name":"MIC.4","code":"MIC.4"},{"id":5,"bible_id":1726,"bible_code":"HNJ2000","book_id":33,"book_code":"MIC","name":"MIC.5","code":"MIC.5"},{"id":6,"bible_id":1726,"bible_code":"HNJ2000","book_id":33,"book_code":"MIC","name":"MIC.6","code":"MIC.6"},{"id":7,"bible_id":1726,"bible_code":"HNJ2000","book_id":33,"book_code":"MIC","name":"MIC.7","code":"MIC.7"}]