[{"id":1,"bible_id":1726,"bible_code":"HNJ2000","book_id":41,"book_code":"MRK","name":"MRK.1","code":"MRK.1"},{"id":2,"bible_id":1726,"bible_code":"HNJ2000","book_id":41,"book_code":"MRK","name":"MRK.2","code":"MRK.2"},{"id":3,"bible_id":1726,"bible_code":"HNJ2000","book_id":41,"book_code":"MRK","name":"MRK.3","code":"MRK.3"},{"id":4,"bible_id":1726,"bible_code":"HNJ2000","book_id":41,"book_code":"MRK","name":"MRK.4","code":"MRK.4"},{"id":5,"bible_id":1726,"bible_code":"HNJ2000","book_id":41,"book_code":"MRK","name":"MRK.5","code":"MRK.5"},{"id":6,"bible_id":1726,"bible_code":"HNJ2000","book_id":41,"book_code":"MRK","name":"MRK.6","code":"MRK.6"},{"id":7,"bible_id":1726,"bible_code":"HNJ2000","book_id":41,"book_code":"MRK","name":"MRK.7","code":"MRK.7"},{"id":8,"bible_id":1726,"bible_code":"HNJ2000","book_id":41,"book_code":"MRK","name":"MRK.8","code":"MRK.8"},{"id":9,"bible_id":1726,"bible_code":"HNJ2000","book_id":41,"book_code":"MRK","name":"MRK.9","code":"MRK.9"},{"id":10,"bible_id":1726,"bible_code":"HNJ2000","book_id":41,"book_code":"MRK","name":"MRK.10","code":"MRK.10"},{"id":11,"bible_id":1726,"bible_code":"HNJ2000","book_id":41,"book_code":"MRK","name":"MRK.11","code":"MRK.11"},{"id":12,"bible_id":1726,"bible_code":"HNJ2000","book_id":41,"book_code":"MRK","name":"MRK.12","code":"MRK.12"},{"id":13,"bible_id":1726,"bible_code":"HNJ2000","book_id":41,"book_code":"MRK","name":"MRK.13","code":"MRK.13"},{"id":14,"bible_id":1726,"bible_code":"HNJ2000","book_id":41,"book_code":"MRK","name":"MRK.14","code":"MRK.14"},{"id":15,"bible_id":1726,"bible_code":"HNJ2000","book_id":41,"book_code":"MRK","name":"MRK.15","code":"MRK.15"},{"id":16,"bible_id":1726,"bible_code":"HNJ2000","book_id":41,"book_code":"MRK","name":"MRK.16","code":"MRK.16"}]