[{"id":1,"bible_id":1726,"bible_code":"HNJ2000","book_id":54,"book_code":"1TI","name":"1TI.1","code":"1TI.1"},{"id":2,"bible_id":1726,"bible_code":"HNJ2000","book_id":54,"book_code":"1TI","name":"1TI.2","code":"1TI.2"},{"id":3,"bible_id":1726,"bible_code":"HNJ2000","book_id":54,"book_code":"1TI","name":"1TI.3","code":"1TI.3"},{"id":4,"bible_id":1726,"bible_code":"HNJ2000","book_id":54,"book_code":"1TI","name":"1TI.4","code":"1TI.4"},{"id":5,"bible_id":1726,"bible_code":"HNJ2000","book_id":54,"book_code":"1TI","name":"1TI.5","code":"1TI.5"},{"id":6,"bible_id":1726,"bible_code":"HNJ2000","book_id":54,"book_code":"1TI","name":"1TI.6","code":"1TI.6"}]