[{"id":1,"bible_id":1726,"bible_code":"HNJ2000","book_id":60,"book_code":"1PE","name":"1PE.1","code":"1PE.1"},{"id":2,"bible_id":1726,"bible_code":"HNJ2000","book_id":60,"book_code":"1PE","name":"1PE.2","code":"1PE.2"},{"id":3,"bible_id":1726,"bible_code":"HNJ2000","book_id":60,"book_code":"1PE","name":"1PE.3","code":"1PE.3"},{"id":4,"bible_id":1726,"bible_code":"HNJ2000","book_id":60,"book_code":"1PE","name":"1PE.4","code":"1PE.4"},{"id":5,"bible_id":1726,"bible_code":"HNJ2000","book_id":60,"book_code":"1PE","name":"1PE.5","code":"1PE.5"}]