{"id":1269,"language_code":"mww","code":"HMOWSV","name":"Vajtswv Txojlus - lus Hmoob Dawb - txhais tshiab xyoo 2004","name_en":"The Holy Bible - White Hmong Standard Version (2004)","publisher":{"id":33,"name":"Thailand Bible Society","local_name":"\u0e2a\u0e21\u0e32\u0e04\u0e21\u0e1e\u0e23\u0e30\u0e04\u0e23\u0e34\u0e2a\u0e15\u0e18\u0e23\u0e23\u0e21\u0e44\u0e17\u0e22","url":"http:\/\/www.thaibible.or.th\/","description":null},"copyright_long":{"html":"<p>Text Copyright \u00a9 2004 Thailand Bible Society. Used by permission.<\/p>","text":"Text Copyright \u00a9 2004 Thailand Bible Society. Used by permission."},"copyright_short":{"html":"<p>The Holy Bible - White Hmong Standard Version \u00a9 Thailand Bible Society, 2004.<\/p> <p>Quotations of the White Hmong Holy Bible Standard Version, in any form, must obtain written permission from Thailand Bible Society if the quoted material is inclusive of at least 1,000 verses, or a copy of any book wholly or partially which amounts to 50 percent of the book quoted. For any long quotation, notice of copyright must appear as follows: Text Copyright \u00a9 2004 Thailand Bible Society. Used by permission.<\/p>","text":"The Holy Bible - White Hmong Standard Version \u00a9 Thailand Bible Society, 2004. Quotations of the White Hmong Holy Bible Standard Version, in any form, must obtain written permission from Thailand Bible Society if the quoted material is inclusive of at least 1,000 verses, or a copy of any book wholly or partially which amounts to 50 percent of the book quoted. For any long quotation, notice of copyright must appear as follows: Text Copyright \u00a9 2004 Thailand Bible Society. Used by permission."},"language":{"iso_639_1":null,"iso_639_3":"mww","name":"Hmong Daw","local_name":"Hmong","text_direction":"ltr","language_tag":"mww","secondary_language_tags":null},"audio":false,"audio_count":0}