{"id":1726,"language_code":"hnj","code":"HNJ2000","name":"Vaajtswv Txujlug 2000","name_en":"The Blue Hmong Bible 2000","publisher":{"id":269,"name":"Bible Society Vietnam","local_name":"Th\u00e1nh Kinh H\u1ed9i Vi\u1ec7t Nam","url":"http:\/\/www.biblevietnam.org","description":null},"copyright_long":{"html":"<p>\u00a9 2000 United Bible Societies. All rights reserved.<\/p>","text":"\u00a9 2000 United Bible Societies. All rights reserved."},"copyright_short":{"html":"<p>\u00a9 2000 United Bible Societies. All rights reserved.<\/p>","text":"\u00a9 2000 United Bible Societies. All rights reserved."},"language":{"iso_639_1":null,"iso_639_3":"hnj","name":"Hmong Njua","local_name":"Hmong Hoa","text_direction":"ltr","language_tag":"hnj","secondary_language_tags":null},"audio":false,"audio_count":0}