[{"id":1,"bible_id":1216,"bible_code":"HMOBSV","book_id":10,"book_code":"2SA","name":"2SA.1","code":"2SA.1"},{"id":2,"bible_id":1216,"bible_code":"HMOBSV","book_id":10,"book_code":"2SA","name":"2SA.2","code":"2SA.2"},{"id":3,"bible_id":1216,"bible_code":"HMOBSV","book_id":10,"book_code":"2SA","name":"2SA.3","code":"2SA.3"},{"id":4,"bible_id":1216,"bible_code":"HMOBSV","book_id":10,"book_code":"2SA","name":"2SA.4","code":"2SA.4"},{"id":5,"bible_id":1216,"bible_code":"HMOBSV","book_id":10,"book_code":"2SA","name":"2SA.5","code":"2SA.5"},{"id":6,"bible_id":1216,"bible_code":"HMOBSV","book_id":10,"book_code":"2SA","name":"2SA.6","code":"2SA.6"},{"id":7,"bible_id":1216,"bible_code":"HMOBSV","book_id":10,"book_code":"2SA","name":"2SA.7","code":"2SA.7"},{"id":8,"bible_id":1216,"bible_code":"HMOBSV","book_id":10,"book_code":"2SA","name":"2SA.8","code":"2SA.8"},{"id":9,"bible_id":1216,"bible_code":"HMOBSV","book_id":10,"book_code":"2SA","name":"2SA.9","code":"2SA.9"},{"id":10,"bible_id":1216,"bible_code":"HMOBSV","book_id":10,"book_code":"2SA","name":"2SA.10","code":"2SA.10"},{"id":11,"bible_id":1216,"bible_code":"HMOBSV","book_id":10,"book_code":"2SA","name":"2SA.11","code":"2SA.11"},{"id":12,"bible_id":1216,"bible_code":"HMOBSV","book_id":10,"book_code":"2SA","name":"2SA.12","code":"2SA.12"},{"id":13,"bible_id":1216,"bible_code":"HMOBSV","book_id":10,"book_code":"2SA","name":"2SA.13","code":"2SA.13"},{"id":14,"bible_id":1216,"bible_code":"HMOBSV","book_id":10,"book_code":"2SA","name":"2SA.14","code":"2SA.14"},{"id":15,"bible_id":1216,"bible_code":"HMOBSV","book_id":10,"book_code":"2SA","name":"2SA.15","code":"2SA.15"},{"id":16,"bible_id":1216,"bible_code":"HMOBSV","book_id":10,"book_code":"2SA","name":"2SA.16","code":"2SA.16"},{"id":17,"bible_id":1216,"bible_code":"HMOBSV","book_id":10,"book_code":"2SA","name":"2SA.17","code":"2SA.17"},{"id":18,"bible_id":1216,"bible_code":"HMOBSV","book_id":10,"book_code":"2SA","name":"2SA.18","code":"2SA.18"},{"id":19,"bible_id":1216,"bible_code":"HMOBSV","book_id":10,"book_code":"2SA","name":"2SA.19","code":"2SA.19"},{"id":20,"bible_id":1216,"bible_code":"HMOBSV","book_id":10,"book_code":"2SA","name":"2SA.20","code":"2SA.20"},{"id":21,"bible_id":1216,"bible_code":"HMOBSV","book_id":10,"book_code":"2SA","name":"2SA.21","code":"2SA.21"},{"id":22,"bible_id":1216,"bible_code":"HMOBSV","book_id":10,"book_code":"2SA","name":"2SA.22","code":"2SA.22"},{"id":23,"bible_id":1216,"bible_code":"HMOBSV","book_id":10,"book_code":"2SA","name":"2SA.23","code":"2SA.23"},{"id":24,"bible_id":1216,"bible_code":"HMOBSV","book_id":10,"book_code":"2SA","name":"2SA.24","code":"2SA.24"}]