[{"id":1,"bible_id":1216,"bible_code":"HMOBSV","book_id":16,"book_code":"NEH","name":"NEH.1","code":"NEH.1"},{"id":2,"bible_id":1216,"bible_code":"HMOBSV","book_id":16,"book_code":"NEH","name":"NEH.2","code":"NEH.2"},{"id":3,"bible_id":1216,"bible_code":"HMOBSV","book_id":16,"book_code":"NEH","name":"NEH.3","code":"NEH.3"},{"id":4,"bible_id":1216,"bible_code":"HMOBSV","book_id":16,"book_code":"NEH","name":"NEH.4","code":"NEH.4"},{"id":5,"bible_id":1216,"bible_code":"HMOBSV","book_id":16,"book_code":"NEH","name":"NEH.5","code":"NEH.5"},{"id":6,"bible_id":1216,"bible_code":"HMOBSV","book_id":16,"book_code":"NEH","name":"NEH.6","code":"NEH.6"},{"id":7,"bible_id":1216,"bible_code":"HMOBSV","book_id":16,"book_code":"NEH","name":"NEH.7","code":"NEH.7"},{"id":8,"bible_id":1216,"bible_code":"HMOBSV","book_id":16,"book_code":"NEH","name":"NEH.8","code":"NEH.8"},{"id":9,"bible_id":1216,"bible_code":"HMOBSV","book_id":16,"book_code":"NEH","name":"NEH.9","code":"NEH.9"},{"id":10,"bible_id":1216,"bible_code":"HMOBSV","book_id":16,"book_code":"NEH","name":"NEH.10","code":"NEH.10"},{"id":11,"bible_id":1216,"bible_code":"HMOBSV","book_id":16,"book_code":"NEH","name":"NEH.11","code":"NEH.11"},{"id":12,"bible_id":1216,"bible_code":"HMOBSV","book_id":16,"book_code":"NEH","name":"NEH.12","code":"NEH.12"},{"id":13,"bible_id":1216,"bible_code":"HMOBSV","book_id":16,"book_code":"NEH","name":"NEH.13","code":"NEH.13"}]