[{"id":1,"bible_id":1216,"bible_code":"HMOBSV","book_id":21,"book_code":"ECC","name":"ECC.1","code":"ECC.1"},{"id":2,"bible_id":1216,"bible_code":"HMOBSV","book_id":21,"book_code":"ECC","name":"ECC.2","code":"ECC.2"},{"id":3,"bible_id":1216,"bible_code":"HMOBSV","book_id":21,"book_code":"ECC","name":"ECC.3","code":"ECC.3"},{"id":4,"bible_id":1216,"bible_code":"HMOBSV","book_id":21,"book_code":"ECC","name":"ECC.4","code":"ECC.4"},{"id":5,"bible_id":1216,"bible_code":"HMOBSV","book_id":21,"book_code":"ECC","name":"ECC.5","code":"ECC.5"},{"id":6,"bible_id":1216,"bible_code":"HMOBSV","book_id":21,"book_code":"ECC","name":"ECC.6","code":"ECC.6"},{"id":7,"bible_id":1216,"bible_code":"HMOBSV","book_id":21,"book_code":"ECC","name":"ECC.7","code":"ECC.7"},{"id":8,"bible_id":1216,"bible_code":"HMOBSV","book_id":21,"book_code":"ECC","name":"ECC.8","code":"ECC.8"},{"id":9,"bible_id":1216,"bible_code":"HMOBSV","book_id":21,"book_code":"ECC","name":"ECC.9","code":"ECC.9"},{"id":10,"bible_id":1216,"bible_code":"HMOBSV","book_id":21,"book_code":"ECC","name":"ECC.10","code":"ECC.10"},{"id":11,"bible_id":1216,"bible_code":"HMOBSV","book_id":21,"book_code":"ECC","name":"ECC.11","code":"ECC.11"},{"id":12,"bible_id":1216,"bible_code":"HMOBSV","book_id":21,"book_code":"ECC","name":"ECC.12","code":"ECC.12"}]