[{"id":1,"bible_id":1216,"bible_code":"HMOBSV","book_id":22,"book_code":"SNG","name":"SNG.1","code":"SNG.1"},{"id":2,"bible_id":1216,"bible_code":"HMOBSV","book_id":22,"book_code":"SNG","name":"SNG.2","code":"SNG.2"},{"id":3,"bible_id":1216,"bible_code":"HMOBSV","book_id":22,"book_code":"SNG","name":"SNG.3","code":"SNG.3"},{"id":4,"bible_id":1216,"bible_code":"HMOBSV","book_id":22,"book_code":"SNG","name":"SNG.4","code":"SNG.4"},{"id":5,"bible_id":1216,"bible_code":"HMOBSV","book_id":22,"book_code":"SNG","name":"SNG.5","code":"SNG.5"},{"id":6,"bible_id":1216,"bible_code":"HMOBSV","book_id":22,"book_code":"SNG","name":"SNG.6","code":"SNG.6"},{"id":7,"bible_id":1216,"bible_code":"HMOBSV","book_id":22,"book_code":"SNG","name":"SNG.7","code":"SNG.7"},{"id":8,"bible_id":1216,"bible_code":"HMOBSV","book_id":22,"book_code":"SNG","name":"SNG.8","code":"SNG.8"}]