[{"id":1,"bible_id":1216,"bible_code":"HMOBSV","book_id":30,"book_code":"AMO","name":"AMO.1","code":"AMO.1"},{"id":2,"bible_id":1216,"bible_code":"HMOBSV","book_id":30,"book_code":"AMO","name":"AMO.2","code":"AMO.2"},{"id":3,"bible_id":1216,"bible_code":"HMOBSV","book_id":30,"book_code":"AMO","name":"AMO.3","code":"AMO.3"},{"id":4,"bible_id":1216,"bible_code":"HMOBSV","book_id":30,"book_code":"AMO","name":"AMO.4","code":"AMO.4"},{"id":5,"bible_id":1216,"bible_code":"HMOBSV","book_id":30,"book_code":"AMO","name":"AMO.5","code":"AMO.5"},{"id":6,"bible_id":1216,"bible_code":"HMOBSV","book_id":30,"book_code":"AMO","name":"AMO.6","code":"AMO.6"},{"id":7,"bible_id":1216,"bible_code":"HMOBSV","book_id":30,"book_code":"AMO","name":"AMO.7","code":"AMO.7"},{"id":8,"bible_id":1216,"bible_code":"HMOBSV","book_id":30,"book_code":"AMO","name":"AMO.8","code":"AMO.8"},{"id":9,"bible_id":1216,"bible_code":"HMOBSV","book_id":30,"book_code":"AMO","name":"AMO.9","code":"AMO.9"}]