[{"id":1,"bible_id":1216,"bible_code":"HMOBSV","book_id":44,"book_code":"ACT","name":"ACT.1","code":"ACT.1"},{"id":2,"bible_id":1216,"bible_code":"HMOBSV","book_id":44,"book_code":"ACT","name":"ACT.2","code":"ACT.2"},{"id":3,"bible_id":1216,"bible_code":"HMOBSV","book_id":44,"book_code":"ACT","name":"ACT.3","code":"ACT.3"},{"id":4,"bible_id":1216,"bible_code":"HMOBSV","book_id":44,"book_code":"ACT","name":"ACT.4","code":"ACT.4"},{"id":5,"bible_id":1216,"bible_code":"HMOBSV","book_id":44,"book_code":"ACT","name":"ACT.5","code":"ACT.5"},{"id":6,"bible_id":1216,"bible_code":"HMOBSV","book_id":44,"book_code":"ACT","name":"ACT.6","code":"ACT.6"},{"id":7,"bible_id":1216,"bible_code":"HMOBSV","book_id":44,"book_code":"ACT","name":"ACT.7","code":"ACT.7"},{"id":8,"bible_id":1216,"bible_code":"HMOBSV","book_id":44,"book_code":"ACT","name":"ACT.8","code":"ACT.8"},{"id":9,"bible_id":1216,"bible_code":"HMOBSV","book_id":44,"book_code":"ACT","name":"ACT.9","code":"ACT.9"},{"id":10,"bible_id":1216,"bible_code":"HMOBSV","book_id":44,"book_code":"ACT","name":"ACT.10","code":"ACT.10"},{"id":11,"bible_id":1216,"bible_code":"HMOBSV","book_id":44,"book_code":"ACT","name":"ACT.11","code":"ACT.11"},{"id":12,"bible_id":1216,"bible_code":"HMOBSV","book_id":44,"book_code":"ACT","name":"ACT.12","code":"ACT.12"},{"id":13,"bible_id":1216,"bible_code":"HMOBSV","book_id":44,"book_code":"ACT","name":"ACT.13","code":"ACT.13"},{"id":14,"bible_id":1216,"bible_code":"HMOBSV","book_id":44,"book_code":"ACT","name":"ACT.14","code":"ACT.14"},{"id":15,"bible_id":1216,"bible_code":"HMOBSV","book_id":44,"book_code":"ACT","name":"ACT.15","code":"ACT.15"},{"id":16,"bible_id":1216,"bible_code":"HMOBSV","book_id":44,"book_code":"ACT","name":"ACT.16","code":"ACT.16"},{"id":17,"bible_id":1216,"bible_code":"HMOBSV","book_id":44,"book_code":"ACT","name":"ACT.17","code":"ACT.17"},{"id":18,"bible_id":1216,"bible_code":"HMOBSV","book_id":44,"book_code":"ACT","name":"ACT.18","code":"ACT.18"},{"id":19,"bible_id":1216,"bible_code":"HMOBSV","book_id":44,"book_code":"ACT","name":"ACT.19","code":"ACT.19"},{"id":20,"bible_id":1216,"bible_code":"HMOBSV","book_id":44,"book_code":"ACT","name":"ACT.20","code":"ACT.20"},{"id":21,"bible_id":1216,"bible_code":"HMOBSV","book_id":44,"book_code":"ACT","name":"ACT.21","code":"ACT.21"},{"id":22,"bible_id":1216,"bible_code":"HMOBSV","book_id":44,"book_code":"ACT","name":"ACT.22","code":"ACT.22"},{"id":23,"bible_id":1216,"bible_code":"HMOBSV","book_id":44,"book_code":"ACT","name":"ACT.23","code":"ACT.23"},{"id":24,"bible_id":1216,"bible_code":"HMOBSV","book_id":44,"book_code":"ACT","name":"ACT.24","code":"ACT.24"},{"id":25,"bible_id":1216,"bible_code":"HMOBSV","book_id":44,"book_code":"ACT","name":"ACT.25","code":"ACT.25"},{"id":26,"bible_id":1216,"bible_code":"HMOBSV","book_id":44,"book_code":"ACT","name":"ACT.26","code":"ACT.26"},{"id":27,"bible_id":1216,"bible_code":"HMOBSV","book_id":44,"book_code":"ACT","name":"ACT.27","code":"ACT.27"},{"id":28,"bible_id":1216,"bible_code":"HMOBSV","book_id":44,"book_code":"ACT","name":"ACT.28","code":"ACT.28"}]