[{"id":1,"bible_id":1216,"bible_code":"HMOBSV","book_id":48,"book_code":"GAL","name":"GAL.1","code":"GAL.1"},{"id":2,"bible_id":1216,"bible_code":"HMOBSV","book_id":48,"book_code":"GAL","name":"GAL.2","code":"GAL.2"},{"id":3,"bible_id":1216,"bible_code":"HMOBSV","book_id":48,"book_code":"GAL","name":"GAL.3","code":"GAL.3"},{"id":4,"bible_id":1216,"bible_code":"HMOBSV","book_id":48,"book_code":"GAL","name":"GAL.4","code":"GAL.4"},{"id":5,"bible_id":1216,"bible_code":"HMOBSV","book_id":48,"book_code":"GAL","name":"GAL.5","code":"GAL.5"},{"id":6,"bible_id":1216,"bible_code":"HMOBSV","book_id":48,"book_code":"GAL","name":"GAL.6","code":"GAL.6"}]