[{"id":1,"bible_id":1216,"bible_code":"HMOBSV","book_id":62,"book_code":"1JN","name":"1JN.1","code":"1JN.1"},{"id":2,"bible_id":1216,"bible_code":"HMOBSV","book_id":62,"book_code":"1JN","name":"1JN.2","code":"1JN.2"},{"id":3,"bible_id":1216,"bible_code":"HMOBSV","book_id":62,"book_code":"1JN","name":"1JN.3","code":"1JN.3"},{"id":4,"bible_id":1216,"bible_code":"HMOBSV","book_id":62,"book_code":"1JN","name":"1JN.4","code":"1JN.4"},{"id":5,"bible_id":1216,"bible_code":"HMOBSV","book_id":62,"book_code":"1JN","name":"1JN.5","code":"1JN.5"}]